"ID","high.end"
1,"0"
2,"0"
3,"0"
4,"0"
5,"0"
6,"0"
7,"0"
8,"0"
9,"0"
10,"0"
11,"0"
12,"0"
13,"0"
14,"0"
15,"0"
16,"0"
17,"0"
18,"0"
19,"0"
20,"0"
21,"0"
22,"0"
23,"0"
24,"0"
25,"0"
26,"0"
27,"0"
28,"0"
29,"0"
30,"0"
31,"0"
32,"1"
33,"1"
34,"0"
35,"0"
36,"0"
37,"0"
38,"0"
39,"0"
40,"0"
41,"0"
42,"0"
43,"0"
44,"0"
45,"0"
46,"0"
47,"0"
48,"0"
49,"0"
50,"0"
51,"0"
52,"0"
53,"0"
54,"0"
55,"0"
56,"0"
57,"0"
58,"0"
59,"0"
60,"0"
61,"0"
62,"0"
63,"0"
64,"0"
65,"0"
66,"0"
67,"0"
68,"1"
69,"1"
70,"1"
71,"0"
72,"0"
73,"1"
74,"1"
75,"1"
76,"1"
77,"0"
78,"1"
79,"1"
80,"1"
81,"0"
82,"1"
83,"1"
84,"0"
85,"1"
86,"1"
87,"0"
88,"1"
89,"1"
90,"1"
91,"0"
92,"0"
93,"1"
94,"0"
95,"1"
96,"1"
97,"0"
98,"1"
99,"1"
100,"1"
101,"0"
102,"0"
103,"0"
104,"0"
105,"1"
106,"1"
107,"1"
108,"1"
109,"1"
110,"1"
111,"0"
112,"1"
113,"0"
114,"1"
115,"1"
116,"0"
117,"1"
118,"1"
119,"1"
120,"0"
121,"1"
122,"0"
123,"1"
124,"1"
125,"0"
126,"0"
127,"0"
128,"0"
129,"1"
130,"0"
131,"0"
132,"0"
133,"0"
134,"0"
135,"0"
136,"0"
137,"0"
138,"0"
139,"0"
140,"0"
141,"0"
142,"0"
143,"0"
144,"0"
145,"1"
146,"0"
147,"0"
148,"0"
149,"0"
150,"0"
151,"0"
152,"0"
153,"0"
154,"0"
155,"0"
156,"0"
157,"1"
158,"1"
159,"1"
160,"1"
161,"0"
162,"0"
163,"1"
164,"0"
165,"0"
166,"0"
167,"1"
168,"1"
169,"1"
170,"1"
171,"1"
172,"1"
173,"1"
174,"1"
175,"1"
176,"1"
177,"1"
178,"1"
179,"1"
180,"1"
181,"1"
182,"0"
183,"0"
184,"0"
185,"0"
186,"0"
187,"0"
188,"1"
189,"0"
190,"0"
191,"0"
192,"0"
193,"0"
194,"0"
195,"0"
196,"1"
197,"1"
198,"1"
199,"1"
200,"1"
201,"1"
202,"1"
203,"1"
204,"1"
205,"1"
206,"1"
207,"0"
208,"0"
209,"0"
210,"0"
211,"0"
212,"0"
213,"0"
214,"0"
215,"0"
216,"0"
217,"0"
218,"1"
219,"1"
220,"1"
221,"1"
222,"1"
223,"1"
224,"1"
225,"1"
226,"1"
227,"1"
228,"1"
229,"1"
230,"1"
231,"1"
232,"1"
233,"0"
234,"1"
235,"0"
236,"0"
237,"0"
238,"0"
239,"0"
240,"0"
241,"0"
242,"0"
243,"0"
244,"0"
245,"0"
246,"0"
247,"0"
248,"0"
249,"0"
250,"0"
251,"0"
252,"0"
253,"0"
254,"0"
255,"0"
256,"0"
257,"0"
258,"0"
259,"0"
260,"0"
261,"0"
262,"0"
263,"0"
264,"0"
265,"0"
266,"0"
267,"0"
268,"0"
269,"0"
270,"0"
271,"0"
272,"0"
273,"0"
274,"0"
275,"0"
276,"0"
277,"0"
278,"0"
279,"0"
280,"1"
281,"0"
282,"1"
283,"1"
284,"0"
285,"1"
286,"1"
287,"1"
288,"1"
289,"1"
290,"0"
291,"0"
292,"0"
293,"0"
294,"0"
295,"0"
296,"0"
297,"0"
298,"0"
299,"0"
300,"0"
301,"0"
302,"0"
303,"0"
304,"1"
305,"1"
306,"0"
307,"0"
308,"0"
309,"0"
310,"1"
311,"1"
312,"0"
313,"1"
314,"0"
315,"1"
316,"0"
317,"0"
318,"0"
319,"0"
320,"0"
321,"0"
322,"0"
323,"0"
324,"0"
325,"0"
326,"0"
327,"0"
328,"0"
329,"0"
330,"1"
331,"1"
332,"1"
333,"1"
334,"1"
335,"0"
336,"0"
337,"1"
338,"1"
339,"1"
340,"1"
341,"1"
342,"1"
343,"1"
344,"1"
345,"0"
346,"0"
347,"0"
348,"0"
349,"0"
350,"0"
351,"0"
352,"0"
353,"0"
354,"0"
355,"0"
356,"1"
357,"1"
358,"1"
359,"1"
360,"1"
361,"1"
362,"1"
363,"1"
364,"1"
365,"0"
366,"0"
367,"0"
368,"0"
369,"0"
370,"0"
371,"0"
372,"0"
373,"0"
374,"0"
375,"0"
376,"0"
377,"0"
378,"0"
379,"0"
380,"0"
381,"0"
382,"0"
383,"0"
384,"0"
385,"0"
386,"0"
387,"0"
388,"0"
389,"0"
390,"0"
391,"0"
392,"0"
393,"0"
394,"0"
395,"0"
396,"0"
397,"0"
398,"0"
399,"0"
400,"0"
401,"0"
402,"0"
403,"0"
404,"0"
405,"0"
406,"0"
407,"0"
408,"0"
409,"0"
410,"0"
411,"0"
412,"0"
413,"0"
414,"0"
415,"0"
416,"0"
417,"0"
418,"0"
419,"0"
420,"0"
421,"0"
422,"0"
423,"0"
424,"0"
425,"0"
426,"0"
427,"1"
428,"1"
429,"1"
430,"1"
431,"1"
432,"1"
433,"1"
434,"1"
435,"1"
436,"1"
437,"1"
438,"1"
439,"1"
440,"0"
441,"0"
442,"0"
443,"0"
444,"0"
445,"0"
446,"0"
447,"0"
448,"0"
449,"0"
450,"0"
451,"0"
452,"1"
453,"1"
454,"1"
455,"1"
456,"1"
457,"1"
458,"1"
459,"1"
460,"1"
461,"1"
462,"1"
463,"1"
464,"1"
465,"1"
466,"1"
467,"1"
468,"1"
469,"1"
470,"1"
471,"1"
472,"1"
473,"1"
474,"1"
475,"1"
476,"1"
477,"1"
478,"1"
479,"1"
480,"1"
481,"1"
482,"1"
483,"1"
484,"1"
485,"0"
486,"0"
487,"0"
488,"0"
489,"1"
490,"1"
491,"1"
492,"1"
493,"1"
494,"1"
495,"1"
496,"1"
497,"0"
498,"0"
499,"0"
500,"0"
501,"0"
502,"0"
503,"0"
504,"0"
505,"0"
506,"0"
507,"0"
508,"0"
509,"0"
510,"0"
511,"0"
512,"0"
513,"0"
514,"0"
515,"0"
516,"0"
517,"0"
518,"0"
519,"0"
520,"0"
521,"0"
522,"0"
523,"0"
524,"0"
525,"0"
526,"0"
527,"0"
528,"0"
529,"0"
530,"0"
531,"0"
532,"0"
533,"0"
534,"0"
535,"0"
536,"0"
537,"0"
538,"0"
539,"0"
540,"0"
541,"0"
542,"0"
543,"0"
544,"0"
545,"0"
546,"0"
547,"0"
548,"0"
549,"0"
550,"0"
551,"0"
552,"0"
553,"0"
554,"0"
555,"0"
556,"0"
557,"0"
558,"0"
559,"0"
560,"0"
561,"0"
562,"0"
563,"0"
564,"0"
565,"0"
566,"0"
567,"0"
568,"0"
569,"1"
570,"0"
571,"1"
572,"1"
573,"1"
574,"0"
575,"0"
576,"0"
577,"0"
578,"0"
579,"0"
580,"0"
581,"0"
582,"0"
583,"0"
584,"1"
585,"1"
586,"0"
587,"1"
588,"1"
589,"1"
590,"1"
591,"1"
592,"0"
593,"1"
594,"1"
595,"0"
596,"1"
597,"0"
598,"1"
599,"1"
600,"1"
601,"0"
602,"1"
603,"1"
604,"1"
605,"1"
606,"0"
607,"1"
608,"0"
609,"1"
610,"1"
611,"0"
612,"1"
613,"1"
614,"0"
615,"1"
616,"1"
617,"0"
618,"1"
619,"0"
620,"1"
621,"0"
622,"1"
623,"1"
624,"1"
625,"1"
626,"0"
627,"1"
628,"1"
629,"0"
630,"0"
631,"0"
632,"0"
633,"0"
634,"1"
635,"1"
636,"1"
637,"1"
638,"1"
639,"1"
640,"1"
641,"0"
642,"0"
643,"1"
644,"1"
645,"1"
646,"0"
647,"1"
648,"0"
649,"0"
650,"0"
651,"0"
652,"0"
653,"0"
654,"0"
655,"0"
656,"0"
657,"0"
658,"0"
659,"0"
660,"0"
661,"0"
662,"0"
663,"0"
664,"1"
665,"1"
666,"1"
667,"1"
668,"0"
669,"0"
670,"0"
671,"0"
672,"0"
673,"0"
674,"0"
675,"0"
676,"0"
677,"0"
678,"0"
679,"0"
680,"0"
681,"0"
682,"0"
683,"0"
684,"0"
685,"0"
686,"0"
687,"0"
688,"0"
689,"0"
690,"0"
691,"0"
692,"0"
693,"0"
694,"0"
695,"0"
696,"0"
697,"0"
698,"0"
699,"0"
700,"0"
701,"0"
702,"0"
703,"0"
704,"0"
705,"0"
706,"0"
707,"0"
708,"0"
709,"0"
710,"0"
711,"0"
712,"0"
713,"0"
714,"0"
715,"0"
716,"0"
717,"0"
718,"0"
719,"0"
720,"0"
721,"0"
722,"1"
723,"1"
724,"1"
725,"1"
726,"1"
727,"1"
728,"1"
729,"1"
730,"1"
731,"1"
732,"1"
733,"1"
734,"1"
735,"1"
736,"1"
737,"1"
738,"1"
739,"1"
740,"1"
741,"1"
742,"1"
743,"1"
744,"1"
745,"1"
746,"1"
747,"1"
748,"1"
749,"1"
750,"1"
751,"0"
752,"0"
753,"0"
754,"0"
755,"0"
756,"0"
757,"0"
758,"0"
759,"0"
760,"0"
761,"0"
762,"0"
763,"0"
764,"0"
765,"0"
766,"0"
767,"0"
768,"0"
769,"0"
770,"0"
771,"1"
772,"1"
773,"1"
774,"1"
775,"1"
776,"0"
777,"1"
778,"1"
779,"1"
780,"1"
781,"1"
782,"1"
783,"1"
784,"1"
785,"1"
786,"1"
787,"1"
788,"1"
789,"1"
790,"0"
791,"0"
792,"0"
793,"0"
794,"0"
795,"0"
796,"0"
797,"0"
798,"0"
799,"0"
800,"0"
801,"0"
802,"0"
803,"0"
804,"0"
805,"0"
806,"0"
807,"0"
808,"0"
809,"0"
810,"0"
811,"0"
812,"0"
813,"0"
814,"0"
815,"0"
816,"0"
817,"0"
818,"0"
819,"0"
820,"0"
821,"0"
822,"0"
823,"0"
824,"0"
825,"0"
826,"0"
827,"0"
828,"0"
829,"0"
830,"1"
831,"1"
832,"1"
833,"0"
834,"1"
835,"0"
836,"1"
837,"1"
838,"0"
839,"1"
840,"1"
841,"0"
842,"1"
843,"1"
844,"0"
845,"1"
846,"1"
847,"1"
848,"0"
849,"0"
850,"1"
851,"0"
852,"1"
853,"1"
854,"1"
855,"1"
856,"1"
857,"1"
858,"1"
859,"1"
860,"1"
861,"0"
862,"1"
863,"1"
864,"1"
865,"0"
866,"0"
867,"0"
868,"0"
869,"0"
870,"0"
871,"1"
872,"1"
873,"1"
874,"1"
875,"1"
876,"1"
877,"1"
878,"1"
879,"1"
880,"1"
881,"1"
882,"1"
883,"0"
884,"0"
885,"0"
886,"0"
887,"0"
888,"0"
889,"0"
890,"0"
891,"0"
892,"0"
893,"0"
894,"0"
895,"0"
896,"0"
897,"1"
898,"0"
899,"1"
900,"0"
901,"1"
902,"0"
903,"0"
904,"0"
905,"0"
906,"0"
907,"0"
908,"0"
909,"0"
910,"0"
911,"0"
912,"0"
913,"0"
914,"0"
915,"0"
916,"0"
917,"0"
918,"0"
919,"0"
920,"0"
921,"0"
922,"0"
923,"0"
924,"0"
925,"0"
926,"0"
927,"0"
928,"0"
929,"0"
930,"0"
931,"0"
932,"0"
933,"0"
934,"0"
935,"0"
936,"0"
937,"0"
938,"0"
939,"0"
940,"0"
941,"0"
942,"0"
943,"0"
944,"0"
945,"0"
946,"0"
947,"0"
948,"0"
949,"0"
950,"0"
951,"0"
952,"0"
953,"0"
954,"0"
955,"0"
956,"0"
957,"0"
958,"0"
959,"0"
960,"0"
961,"0"
962,"0"
963,"0"
964,"0"
965,"0"
966,"0"
967,"0"
968,"0"
969,"0"
970,"0"
971,"0"
972,"0"
973,"0"
974,"0"
975,"0"
976,"0"
977,"0"
978,"0"
979,"0"
980,"0"
981,"0"
982,"0"
983,"0"
984,"0"
985,"0"
986,"0"
987,"0"
988,"0"
989,"0"
990,"0"
991,"0"
992,"0"
993,"0"
994,"0"
995,"0"
996,"0"
997,"0"
998,"0"
999,"0"
1000,"0"
1001,"0"
1002,"0"
1003,"0"
1004,"0"
1005,"0"
1006,"0"
1007,"0"
1008,"0"
1009,"0"
1010,"0"
1011,"0"
1012,"0"
1013,"0"
1014,"0"
1015,"0"
1016,"0"
1017,"0"
1018,"0"
1019,"0"
1020,"0"
1021,"0"
1022,"0"
1023,"0"
1024,"0"
1025,"0"
1026,"0"
1027,"0"
1028,"0"
1029,"0"
1030,"0"
1031,"0"
1032,"0"
1033,"0"
1034,"0"
1035,"0"
1036,"0"
1037,"0"
1038,"0"
1039,"0"
1040,"0"
1041,"0"
1042,"0"
1043,"0"
1044,"0"
1045,"0"
1046,"0"
1047,"0"
1048,"0"
1049,"0"
1050,"0"
1051,"0"
1052,"0"
1053,"0"
1054,"0"
1055,"0"
1056,"0"
1057,"0"
1058,"0"
1059,"0"
1060,"0"
1061,"0"
1062,"0"
1063,"0"
1064,"0"
1065,"0"
1066,"0"
1067,"0"
1068,"0"
1069,"0"
1070,"0"
1071,"0"
1072,"0"
1073,"0"
1074,"0"
1075,"0"
1076,"0"
1077,"0"
1078,"0"
1079,"0"
1080,"0"
1081,"0"
1082,"0"
1083,"0"
1084,"0"
1085,"0"
1086,"0"
1087,"0"
1088,"0"
1089,"0"
1090,"0"
1091,"0"
1092,"0"
1093,"0"
1094,"0"
1095,"0"
1096,"0"
1097,"0"
1098,"0"
1099,"0"
1100,"0"
1101,"0"
1102,"0"
1103,"0"
1104,"0"
1105,"0"
1106,"0"
1107,"0"
1108,"0"
1109,"0"
1110,"0"
1111,"0"
1112,"0"
1113,"0"
1114,"0"
1115,"0"
1116,"0"
1117,"0"
1118,"0"
1119,"0"
1120,"0"
1121,"0"
1122,"0"
1123,"0"
1124,"0"
1125,"0"
1126,"0"
1127,"0"
1128,"0"
1129,"0"
1130,"0"
1131,"0"
1132,"1"
1133,"1"
1134,"0"
1135,"0"
1136,"0"
1137,"1"
1138,"1"
1139,"1"
1140,"1"
1141,"1"
1142,"1"
1143,"1"
1144,"1"
1145,"1"
1146,"1"
1147,"1"
1148,"1"
1149,"1"
1150,"1"
1151,"1"
1152,"1"
1153,"1"
1154,"1"
1155,"1"
1156,"1"
1157,"1"
1158,"1"
1159,"1"
1160,"1"
1161,"1"
1162,"1"
1163,"1"
1164,"1"
1165,"1"
1166,"1"
1167,"1"
1168,"1"
1169,"1"
1170,"0"
1171,"1"
1172,"1"
1173,"0"
1174,"0"
1175,"0"
1176,"0"
1177,"0"
1178,"0"
1179,"0"
1180,"0"
1181,"0"
1182,"0"
1183,"0"
1184,"0"
1185,"0"
1186,"0"
1187,"0"
1188,"0"
1189,"0"
1190,"0"
1191,"0"
1192,"0"
1193,"0"
1194,"0"
1195,"0"
1196,"0"
1197,"0"
1198,"0"
1199,"0"
1200,"0"
1201,"0"
1202,"0"
1203,"0"
1204,"0"
1205,"0"
1206,"0"
1207,"0"
1208,"0"
1209,"0"
1210,"0"
1211,"0"
1212,"0"
1213,"0"
1214,"0"
1215,"0"
1216,"0"
1217,"0"
1218,"0"
1219,"0"
1220,"0"
1221,"0"
1222,"0"
1223,"0"
1224,"0"
1225,"0"
1226,"0"
1227,"0"
1228,"0"
1229,"1"
1230,"0"
1231,"1"
1232,"1"
1233,"1"
1234,"1"
1235,"1"
1236,"1"
1237,"1"
1238,"1"
1239,"1"
1240,"1"
1241,"1"
1242,"1"
1243,"1"
1244,"1"
1245,"1"
1246,"1"
1247,"0"
1248,"0"
1249,"0"
1250,"0"
1251,"0"
1252,"0"
1253,"0"
1254,"0"
1255,"0"
1256,"0"
1257,"0"
1258,"0"
1259,"0"
1260,"0"
1261,"0"
1262,"0"
1263,"0"
1264,"0"
1265,"0"
1266,"0"
1267,"0"
1268,"0"
1269,"0"
1270,"0"
1271,"0"
1272,"0"
1273,"0"
1274,"0"
1275,"0"
1276,"0"
1277,"0"
1278,"0"
1279,"0"
1280,"0"
1281,"0"
1282,"0"
1283,"0"
1284,"0"
1285,"0"
1286,"0"
1287,"1"
1288,"0"
1289,"1"
1290,"0"
1291,"0"
1292,"1"
1293,"0"
1294,"1"
1295,"1"
1296,"1"
1297,"1"
1298,"1"
1299,"1"
1300,"1"
1301,"1"
1302,"1"
1303,"0"
1304,"1"
1305,"0"
1306,"1"
1307,"1"
1308,"1"
1309,"1"
1310,"0"
1311,"1"
1312,"1"
1313,"1"
1314,"1"
1315,"0"
1316,"1"
1317,"0"
1318,"0"
1319,"1"
1320,"1"
1321,"1"
1322,"1"
1323,"1"
1324,"1"
1325,"0"
1326,"0"
1327,"1"
1328,"0"
1329,"1"
1330,"1"
1331,"1"
1332,"1"
1333,"1"
1334,"0"
1335,"1"
1336,"1"
1337,"1"
1338,"1"
1339,"1"
1340,"1"
1341,"1"
1342,"1"
1343,"0"
1344,"0"
1345,"0"
1346,"1"
1347,"0"
1348,"1"
1349,"0"
1350,"1"
1351,"1"
1352,"1"
1353,"1"
1354,"0"
1355,"0"
1356,"1"
1357,"1"
1358,"1"
1359,"1"
1360,"1"
1361,"0"
1362,"1"
1363,"1"
1364,"1"
1365,"0"
1366,"1"
1367,"0"
1368,"1"
1369,"1"
1370,"0"
1371,"0"
1372,"0"
1373,"0"
1374,"1"
1375,"1"
1376,"1"
1377,"1"
1378,"0"
1379,"0"
1380,"1"
1381,"1"
1382,"1"
1383,"0"
1384,"0"
1385,"0"
1386,"0"
1387,"1"
1388,"1"
1389,"0"
1390,"0"
1391,"0"
1392,"0"
1393,"0"
1394,"0"
1395,"0"
1396,"0"
1397,"0"
1398,"0"
1399,"0"
1400,"0"
1401,"0"
1402,"0"
1403,"0"
1404,"0"
1405,"0"
1406,"0"
1407,"0"
1408,"0"
1409,"0"
1410,"0"
1411,"0"
1412,"0"
1413,"0"
1414,"0"
1415,"0"
1416,"0"
1417,"0"
1418,"1"
1419,"1"
1420,"1"
1421,"1"
1422,"1"
1423,"1"
1424,"1"
1425,"1"
1426,"1"
1427,"1"
1428,"1"
1429,"1"
1430,"1"
1431,"1"
1432,"1"
1433,"1"
1434,"0"
1435,"0"
1436,"0"
1437,"0"
1438,"0"
1439,"0"
1440,"0"
1441,"1"
1442,"0"
1443,"1"
1444,"1"
1445,"1"
1446,"0"
1447,"0"
1448,"0"
1449,"1"
1450,"1"
1451,"0"
1452,"0"
1453,"0"
1454,"0"
1455,"1"
1456,"0"
1457,"0"
1458,"0"
1459,"0"
1460,"0"
1461,"0"
1462,"0"
1463,"0"
1464,"0"
1465,"0"
1466,"0"
1467,"0"
1468,"0"
1469,"0"
1470,"0"
1471,"1"
1472,"1"
1473,"1"
1474,"1"
1475,"1"
1476,"0"
1477,"0"
1478,"0"
1479,"1"
1480,"1"
1481,"1"
1482,"1"
1483,"1"
1484,"1"
1485,"1"
1486,"1"
1487,"1"
1488,"1"
1489,"1"
1490,"1"
1491,"1"
1492,"1"
1493,"1"
1494,"1"
1495,"1"
1496,"1"
1497,"0"
1498,"0"
1499,"1"
1500,"1"
1501,"1"
1502,"1"
1503,"1"
1504,"0"
1505,"1"
1506,"1"
1507,"1"
1508,"1"
1509,"1"
1510,"1"
1511,"1"
1512,"0"
1513,"0"
1514,"1"
1515,"1"
1516,"1"
1517,"1"
1518,"0"
1519,"1"
1520,"1"
1521,"0"
1522,"0"
1523,"0"
1524,"0"
1525,"0"
1526,"0"
1527,"0"
1528,"0"
1529,"0"
1530,"0"
1531,"0"
1532,"0"
1533,"0"
1534,"0"
1535,"0"
1536,"0"
1537,"0"
1538,"0"
1539,"0"
1540,"0"
1541,"0"
1542,"0"
1543,"0"
1544,"0"
1545,"0"
1546,"0"
1547,"0"
1548,"0"
1549,"0"
1550,"0"
1551,"0"
1552,"0"
1553,"0"
1554,"0"
1555,"0"
1556,"0"
1557,"0"
1558,"0"
1559,"0"
1560,"0"
1561,"0"
1562,"0"
1563,"0"
1564,"0"
1565,"0"
1566,"0"
1567,"0"
1568,"0"
1569,"0"
1570,"0"
1571,"0"
1572,"0"
1573,"0"
1574,"0"
1575,"0"
1576,"0"
1577,"0"
1578,"0"
1579,"0"
1580,"0"
1581,"0"
1582,"0"
1583,"0"
1584,"0"
1585,"0"
1586,"0"
1587,"0"
1588,"0"
1589,"0"
1590,"0"
1591,"0"
1592,"0"
1593,"0"
1594,"0"
1595,"0"
1596,"0"
1597,"0"
1598,"0"
1599,"0"
1600,"0"
1601,"0"
1602,"0"
1603,"0"
1604,"0"
1605,"0"
1606,"0"
1607,"0"
1608,"0"
1609,"0"
1610,"0"
1611,"0"
1612,"0"
1613,"0"
1614,"0"
1615,"0"
1616,"0"
1617,"0"
1618,"0"
1619,"0"
1620,"0"
1621,"0"
1622,"0"
1623,"0"
1624,"0"
1625,"0"
1626,"0"
1627,"0"
1628,"0"
1629,"0"
1630,"0"
1631,"0"
1632,"0"
1633,"0"
1634,"0"
1635,"0"
1636,"0"
1637,"0"
1638,"0"
1639,"0"
1640,"0"
1641,"0"
1642,"0"
1643,"0"
1644,"0"
1645,"0"
1646,"0"
1647,"0"
1648,"0"
1649,"0"
1650,"0"
1651,"0"
1652,"0"
1653,"0"
1654,"0"
1655,"0"
1656,"0"
1657,"0"
1658,"0"
1659,"0"
1660,"0"
1661,"0"
1662,"0"
1663,"0"
1664,"0"
1665,"0"
1666,"0"
1667,"0"
1668,"0"
1669,"0"
1670,"0"
1671,"0"
1672,"0"
1673,"0"
1674,"0"
1675,"0"
1676,"0"
1677,"0"
1678,"0"
1679,"0"
1680,"0"
1681,"0"
1682,"0"
1683,"0"
1684,"0"
1685,"0"
1686,"0"
1687,"0"
1688,"0"
1689,"0"
1690,"0"
1691,"0"
1692,"0"
1693,"0"
1694,"0"
1695,"0"
1696,"0"
1697,"0"
1698,"0"
1699,"0"
1700,"0"
1701,"0"
1702,"0"
1703,"0"
1704,"0"
1705,"0"
1706,"0"
1707,"0"
1708,"0"
1709,"0"
1710,"0"
1711,"0"
1712,"0"
1713,"0"
1714,"0"
1715,"0"
1716,"0"
1717,"0"
1718,"0"
1719,"0"
1720,"0"
1721,"0"
1722,"0"
1723,"0"
1724,"0"
1725,"0"
1726,"0"
1727,"0"
1728,"0"
1729,"0"
1730,"0"
1731,"0"
1732,"0"
1733,"0"
1734,"0"
1735,"0"
1736,"0"
1737,"0"
1738,"0"
1739,"0"
1740,"0"
1741,"0"
1742,"0"
1743,"0"
1744,"0"
1745,"0"
1746,"0"
1747,"0"
1748,"0"
1749,"0"
1750,"0"
1751,"0"
1752,"0"
1753,"0"
1754,"0"
1755,"0"
1756,"1"
1757,"1"
1758,"1"
1759,"0"
1760,"1"
1761,"1"
1762,"1"
1763,"1"
1764,"1"
1765,"0"
1766,"0"
1767,"0"
1768,"0"
1769,"0"
1770,"1"
1771,"0"
1772,"0"
1773,"1"
1774,"1"
1775,"1"
1776,"1"
1777,"0"
1778,"1"
1779,"0"
1780,"0"
1781,"1"
1782,"1"
1783,"0"
1784,"0"
1785,"1"
1786,"1"
1787,"1"
1788,"1"
1789,"1"
1790,"1"
1791,"1"
1792,"1"
1793,"1"
1794,"1"
1795,"1"
1796,"1"
1797,"1"
1798,"1"
1799,"0"
1800,"1"
1801,"1"
1802,"1"
1803,"1"
1804,"1"
1805,"1"
1806,"1"
1807,"1"
1808,"0"
1809,"0"
1810,"0"
1811,"1"
1812,"1"
1813,"0"
1814,"0"
1815,"1"
1816,"1"
1817,"0"
1818,"1"
1819,"1"
1820,"0"
1821,"1"
1822,"0"
1823,"1"
1824,"1"
1825,"1"
1826,"1"
1827,"1"
1828,"0"
1829,"0"
1830,"0"
1831,"1"
1832,"0"
1833,"1"
1834,"1"
1835,"0"
1836,"0"
1837,"1"
1838,"0"
1839,"0"
1840,"1"
1841,"1"
1842,"1"
1843,"0"
1844,"0"
1845,"0"
1846,"0"
1847,"0"
1848,"0"
1849,"0"
1850,"0"
1851,"0"
1852,"0"
1853,"0"
1854,"0"
1855,"0"
1856,"0"
1857,"0"
1858,"0"
1859,"0"
1860,"0"
1861,"0"
1862,"0"
1863,"0"
1864,"0"
1865,"0"
1866,"0"
1867,"0"
1868,"0"
1869,"0"
1870,"0"
1871,"0"
1872,"0"
1873,"0"
1874,"0"
1875,"0"
1876,"0"
1877,"0"
1878,"0"
1879,"0"
1880,"0"
1881,"0"
1882,"0"
1883,"0"
1884,"0"
1885,"0"
1886,"0"
1887,"0"
1888,"0"
1889,"0"
1890,"0"
1891,"1"
1892,"0"
1893,"0"
1894,"0"
1895,"0"
1896,"0"
1897,"0"
1898,"0"
1899,"0"
1900,"0"
1901,"0"
1902,"0"
1903,"0"
1904,"0"
1905,"0"
1906,"0"
1907,"0"
1908,"0"
1909,"0"
1910,"0"
1911,"0"
1912,"0"
1913,"0"
1914,"0"
1915,"0"
1916,"0"
1917,"0"
1918,"0"
1919,"0"
1920,"0"
1921,"0"
1922,"0"
1923,"0"
1924,"0"
1925,"0"
1926,"0"
1927,"0"
1928,"0"
1929,"0"
1930,"0"
1931,"0"
1932,"0"
1933,"0"
1934,"0"
1935,"0"
1936,"0"
1937,"0"
1938,"0"
1939,"0"
1940,"0"
1941,"0"
1942,"0"
1943,"0"
1944,"0"
1945,"0"
1946,"0"
1947,"0"
1948,"0"
1949,"0"
1950,"0"
1951,"0"
1952,"0"
1953,"0"
1954,"0"
1955,"0"
1956,"0"
1957,"0"
1958,"0"
1959,"0"
1960,"0"
1961,"0"
1962,"0"
1963,"0"
1964,"0"
1965,"0"
1966,"0"
1967,"0"
1968,"0"
1969,"0"
1970,"0"
1971,"0"
1972,"0"
1973,"0"
1974,"0"
1975,"0"
1976,"0"
1977,"0"
1978,"0"
1979,"0"
1980,"0"
1981,"0"
1982,"0"
1983,"0"
1984,"0"
1985,"0"
1986,"0"
1987,"0"
1988,"0"
1989,"0"
1990,"0"
1991,"0"
1992,"0"
1993,"1"
1994,"0"
1995,"0"
1996,"1"
1997,"1"
1998,"0"
1999,"0"
2000,"0"
2001,"1"
2002,"1"
2003,"0"
2004,"0"
2005,"0"
2006,"0"
2007,"0"
2008,"0"
2009,"1"
2010,"1"
2011,"1"
2012,"1"
2013,"1"
2014,"0"
2015,"0"
2016,"0"
2017,"0"
2018,"0"
2019,"0"
2020,"0"
2021,"0"
2022,"0"
2023,"0"
2024,"0"
2025,"0"
2026,"0"
2027,"0"
2028,"0"
2029,"0"
2030,"0"
2031,"0"
2032,"0"
2033,"0"
2034,"0"
2035,"0"
2036,"0"
2037,"0"
2038,"0"
2039,"1"
2040,"1"
2041,"1"
2042,"1"
2043,"1"
2044,"1"
2045,"1"
2046,"1"
2047,"1"
2048,"1"
2049,"1"
2050,"1"
2051,"1"
2052,"1"
2053,"1"
2054,"1"
2055,"1"
2056,"1"
2057,"1"
2058,"1"
2059,"1"
2060,"1"
2061,"1"
2062,"1"
2063,"1"
2064,"0"
2065,"0"
2066,"1"
2067,"1"
2068,"1"
2069,"1"
2070,"1"
2071,"1"
2072,"1"
2073,"1"
2074,"0"
2075,"0"
2076,"1"
2077,"1"
2078,"1"
2079,"1"
2080,"1"
2081,"0"
2082,"0"
2083,"0"
2084,"0"
2085,"0"
2086,"0"
2087,"0"
2088,"0"
2089,"0"
2090,"0"
2091,"0"
2092,"0"
2093,"0"
2094,"0"
2095,"0"
2096,"0"
2097,"0"
2098,"0"
2099,"0"
2100,"0"
2101,"0"
2102,"0"
2103,"0"
2104,"0"
2105,"1"
2106,"1"
2107,"0"
2108,"0"
2109,"0"
2110,"0"
2111,"1"
2112,"1"
2113,"1"
2114,"1"
2115,"1"
2116,"1"
2117,"1"
2118,"1"
2119,"1"
2120,"1"
2121,"1"
2122,"1"
2123,"1"
2124,"1"
2125,"1"
2126,"1"
2127,"1"
2128,"1"
2129,"1"
2130,"1"
2131,"1"
2132,"1"
2133,"1"
2134,"1"
2135,"1"
2136,"1"
2137,"1"
2138,"1"
2139,"1"
2140,"1"
2141,"1"
2142,"1"
2143,"1"
2144,"1"
2145,"1"
2146,"1"
2147,"1"
2148,"1"
2149,"1"
2150,"1"
2151,"1"
2152,"1"
2153,"1"
2154,"1"
2155,"1"
2156,"1"
2157,"1"
2158,"1"
2159,"1"
2160,"1"
2161,"1"
2162,"1"
2163,"1"
2164,"1"
2165,"1"
2166,"1"
2167,"1"
2168,"1"
2169,"1"
2170,"1"
2171,"1"
2172,"1"
2173,"1"
2174,"1"
2175,"1"
2176,"1"
2177,"1"
2178,"1"
2179,"1"
2180,"1"
2181,"1"
2182,"1"
2183,"1"
2184,"1"
2185,"0"
2186,"0"
2187,"1"
2188,"1"
2189,"0"
2190,"0"
2191,"0"
2192,"0"
2193,"1"
2194,"1"
2195,"1"
2196,"1"
2197,"1"
2198,"1"
2199,"0"
2200,"1"
2201,"1"
2202,"1"
2203,"1"
2204,"1"
2205,"1"
2206,"1"
2207,"1"
2208,"1"
2209,"1"
2210,"1"
2211,"1"
2212,"1"
2213,"0"
2214,"0"
2215,"0"
2216,"0"
2217,"0"
2218,"0"
2219,"0"
2220,"0"
2221,"0"
2222,"0"
2223,"0"
2224,"0"
2225,"0"
2226,"0"
2227,"0"
2228,"0"
2229,"0"
2230,"0"
2231,"0"
2232,"0"
2233,"0"
2234,"0"
2235,"0"
2236,"0"
2237,"0"
2238,"0"
2239,"0"
2240,"0"
2241,"0"
2242,"0"
2243,"0"
2244,"0"
2245,"0"
2246,"0"
2247,"0"
2248,"0"
2249,"0"
2250,"0"
2251,"0"
2252,"0"
2253,"0"
2254,"0"
2255,"0"
2256,"0"
2257,"0"
2258,"0"
2259,"0"
2260,"0"
2261,"0"
2262,"0"
2263,"0"
2264,"0"
2265,"0"
2266,"0"
2267,"0"
2268,"0"
2269,"0"
2270,"0"
2271,"0"
2272,"0"
2273,"0"
2274,"0"
2275,"0"
2276,"0"
2277,"0"
2278,"0"
2279,"0"
2280,"0"
2281,"0"
2282,"0"
2283,"0"
2284,"0"
2285,"0"
2286,"0"
2287,"0"
2288,"0"
2289,"0"
2290,"0"
2291,"0"
2292,"0"
2293,"0"
2294,"0"
2295,"0"
2296,"0"
2297,"0"
2298,"0"
2299,"0"
2300,"0"
2301,"0"
2302,"0"
2303,"0"
2304,"0"
2305,"0"
2306,"0"
2307,"0"
2308,"0"
2309,"0"
2310,"0"
2311,"0"
2312,"0"
2313,"0"
2314,"0"
2315,"0"
2316,"0"
2317,"0"
2318,"0"
2319,"0"
2320,"0"
2321,"0"
2322,"0"
2323,"0"
2324,"0"
2325,"0"
2326,"0"
2327,"0"
2328,"0"
2329,"0"
2330,"0"
2331,"0"
2332,"0"
2333,"0"
2334,"0"
2335,"0"
2336,"0"
2337,"0"
2338,"0"
2339,"0"
2340,"0"
2341,"0"
2342,"0"
2343,"0"
2344,"0"
2345,"0"
2346,"0"
2347,"0"
2348,"0"
2349,"0"
2350,"0"
2351,"0"
2352,"0"
2353,"0"
2354,"0"
2355,"0"
2356,"0"
2357,"0"
2358,"0"
2359,"0"
2360,"0"
2361,"0"
2362,"0"
2363,"0"
2364,"0"
2365,"0"
2366,"0"
2367,"0"
2368,"0"
2369,"0"
2370,"0"
2371,"0"
2372,"0"
2373,"0"
2374,"0"
2375,"0"
2376,"0"
2377,"0"
2378,"0"
2379,"0"
2380,"0"
2381,"0"
2382,"0"
2383,"0"
2384,"0"
2385,"0"
2386,"0"
2387,"0"
2388,"0"
2389,"0"
2390,"0"
2391,"0"
2392,"0"
2393,"0"
2394,"1"
2395,"1"
2396,"1"
2397,"0"
2398,"1"
2399,"1"
2400,"0"
2401,"0"
2402,"1"
2403,"0"
2404,"1"
2405,"1"
2406,"1"
2407,"0"
2408,"1"
2409,"0"
2410,"1"
2411,"1"
2412,"0"
2413,"1"
2414,"1"
2415,"1"
2416,"1"
2417,"0"
2418,"0"
2419,"0"
2420,"0"
2421,"1"
2422,"1"
2423,"1"
2424,"0"
2425,"0"
2426,"0"
2427,"1"
2428,"1"
2429,"0"
2430,"1"
2431,"1"
2432,"0"
2433,"1"
2434,"0"
2435,"1"
2436,"1"
2437,"1"
2438,"1"
2439,"0"
2440,"1"
2441,"1"
2442,"1"
2443,"1"
2444,"0"
2445,"0"
2446,"1"
2447,"1"
2448,"1"
2449,"1"
2450,"0"
2451,"1"
2452,"1"
2453,"1"
2454,"1"
2455,"1"
2456,"0"
2457,"0"
2458,"1"
2459,"1"
2460,"1"
2461,"0"
2462,"0"
2463,"1"
2464,"1"
2465,"0"
2466,"1"
2467,"1"
2468,"1"
2469,"1"
2470,"0"
2471,"0"
2472,"1"
2473,"1"
2474,"0"
2475,"0"
2476,"0"
2477,"1"
2478,"1"
2479,"1"
2480,"1"
2481,"1"
2482,"0"
2483,"1"
2484,"0"
2485,"0"
2486,"1"
2487,"0"
2488,"0"
2489,"1"
2490,"1"
2491,"1"
2492,"1"
2493,"1"
2494,"1"
2495,"1"
2496,"1"
2497,"0"
2498,"0"
2499,"1"
2500,"1"
2501,"1"
2502,"0"
2503,"0"
2504,"0"
2505,"0"
2506,"0"
2507,"0"
2508,"0"
2509,"0"
2510,"0"
2511,"0"
2512,"0"
2513,"0"
2514,"0"
2515,"0"
2516,"0"
2517,"0"
2518,"0"
2519,"0"
2520,"0"
2521,"0"
2522,"0"
2523,"0"
2524,"0"
2525,"0"
2526,"0"
2527,"0"
2528,"0"
2529,"1"
2530,"0"
2531,"0"
2532,"0"
2533,"1"
2534,"1"
2535,"0"
2536,"1"
2537,"1"
2538,"1"
2539,"1"
2540,"1"
2541,"1"
2542,"0"
2543,"1"
2544,"1"
2545,"1"
2546,"0"
2547,"0"
2548,"1"
2549,"0"
2550,"0"
2551,"1"
2552,"1"
2553,"1"
2554,"0"
2555,"0"
2556,"0"
2557,"0"
2558,"0"
2559,"0"
2560,"1"
2561,"0"
2562,"0"
2563,"0"
2564,"0"
2565,"0"
2566,"0"
2567,"0"
2568,"0"
2569,"0"
2570,"0"
2571,"0"
2572,"0"
2573,"0"
2574,"0"
2575,"0"
2576,"0"
2577,"0"
2578,"0"
2579,"0"
2580,"0"
2581,"0"
2582,"0"
2583,"0"
2584,"0"
2585,"0"
2586,"0"
2587,"0"
2588,"0"
2589,"0"
2590,"0"
2591,"0"
2592,"0"
2593,"0"
2594,"0"
2595,"0"
2596,"0"
2597,"0"
2598,"0"
2599,"0"
2600,"0"
2601,"0"
2602,"0"
2603,"0"
2604,"0"
2605,"0"
2606,"0"
2607,"0"
2608,"0"
2609,"0"
2610,"0"
2611,"0"
2612,"0"
2613,"0"
2614,"0"
2615,"0"
2616,"0"
2617,"0"
2618,"0"
2619,"0"
2620,"0"
2621,"0"
2622,"0"
2623,"0"
2624,"0"
2625,"0"
2626,"0"
2627,"0"
2628,"0"
2629,"0"
2630,"0"
2631,"0"
2632,"0"
2633,"0"
2634,"0"
2635,"0"
2636,"0"
2637,"0"
2638,"0"
2639,"0"
2640,"0"
2641,"0"
2642,"0"
2643,"0"
2644,"0"
2645,"0"
2646,"0"
2647,"0"
2648,"0"
2649,"0"
2650,"0"
2651,"0"
2652,"0"
2653,"0"
2654,"0"
2655,"0"
2656,"0"
2657,"0"
2658,"0"
2659,"0"
2660,"0"
2661,"0"
2662,"0"
2663,"0"
2664,"0"
2665,"0"
2666,"0"
2667,"0"
2668,"0"
2669,"0"
2670,"0"
2671,"0"
2672,"0"
2673,"0"
2674,"0"
2675,"0"
2676,"0"
2677,"0"
2678,"0"
2679,"0"
2680,"0"
2681,"0"
2682,"0"
2683,"0"
2684,"0"
2685,"0"
2686,"0"
2687,"0"
2688,"0"
2689,"0"
2690,"0"
2691,"0"
2692,"0"
2693,"0"
2694,"0"
2695,"0"
2696,"0"
2697,"0"
2698,"0"
2699,"0"
2700,"0"
2701,"0"
2702,"0"
2703,"0"
2704,"0"
2705,"0"
2706,"0"
2707,"0"
2708,"0"
2709,"0"
2710,"0"
2711,"0"
2712,"0"
2713,"0"
2714,"0"
2715,"0"
2716,"0"
2717,"0"
2718,"0"
2719,"0"
2720,"0"
2721,"0"
2722,"0"
2723,"0"
2724,"0"
2725,"0"
2726,"0"
2727,"0"
2728,"0"
2729,"0"
2730,"1"
2731,"0"
2732,"1"
2733,"1"
2734,"1"
2735,"1"
2736,"1"
2737,"1"
2738,"1"
2739,"0"
2740,"0"
2741,"1"
2742,"0"
2743,"1"
2744,"1"
2745,"1"
2746,"0"
2747,"0"
2748,"1"
2749,"1"
2750,"1"
2751,"1"
2752,"1"
2753,"1"
2754,"1"
2755,"1"
2756,"1"
2757,"1"
2758,"1"
2759,"1"
2760,"0"
2761,"0"
2762,"1"
2763,"1"
2764,"0"
2765,"0"
2766,"0"
2767,"1"
2768,"1"
2769,"0"
2770,"1"
2771,"0"
2772,"0"
2773,"1"
2774,"0"
2775,"1"
2776,"1"
2777,"1"
2778,"1"
2779,"0"
2780,"0"
2781,"1"
2782,"1"
2783,"0"
2784,"0"
2785,"0"
2786,"1"
2787,"1"
2788,"0"
2789,"0"
2790,"0"
2791,"1"
2792,"1"
2793,"1"
2794,"0"
2795,"0"
2796,"1"
2797,"1"
2798,"0"
2799,"1"
2800,"1"
2801,"0"
2802,"0"
2803,"0"
2804,"0"
2805,"1"
2806,"0"
2807,"0"
2808,"1"
2809,"1"
2810,"1"
2811,"1"
2812,"1"
2813,"1"
2814,"1"
2815,"1"
2816,"1"
2817,"1"
2818,"1"
2819,"1"
2820,"1"
2821,"1"
2822,"1"
2823,"1"
2824,"1"
2825,"0"
2826,"0"
2827,"0"
2828,"0"
2829,"1"
2830,"1"
2831,"0"
2832,"0"
2833,"1"
2834,"1"
2835,"0"
2836,"1"
2837,"0"
2838,"1"
2839,"0"
2840,"0"
2841,"0"
2842,"0"
2843,"1"
2844,"0"
2845,"0"
2846,"0"
2847,"0"
2848,"1"
2849,"1"
2850,"0"
2851,"1"
2852,"0"
2853,"0"
2854,"1"
2855,"1"
2856,"0"
2857,"0"
2858,"0"
2859,"0"
2860,"0"
2861,"0"
2862,"0"
2863,"1"
2864,"1"
2865,"0"
2866,"0"
2867,"1"
2868,"1"
2869,"1"
2870,"1"
2871,"0"
2872,"0"
2873,"0"
2874,"0"
2875,"0"
2876,"0"
2877,"0"
2878,"0"
2879,"0"
2880,"0"
2881,"0"
2882,"0"
2883,"1"
2884,"1"
2885,"0"
2886,"1"
2887,"1"
2888,"0"
2889,"0"
2890,"0"
2891,"0"
2892,"0"
2893,"0"
2894,"0"
2895,"0"
2896,"0"
2897,"0"
2898,"0"
2899,"0"
2900,"0"
2901,"0"
2902,"0"
2903,"0"
2904,"0"
2905,"0"
2906,"0"
2907,"0"
2908,"0"
2909,"0"
2910,"0"
2911,"0"
2912,"0"
2913,"0"
2914,"0"
2915,"0"
2916,"0"
2917,"0"
2918,"0"
2919,"0"
2920,"0"
2921,"0"
2922,"0"
2923,"0"
2924,"0"
2925,"0"
2926,"0"
2927,"0"
2928,"0"
2929,"0"
2930,"0"
2931,"0"
2932,"0"
2933,"0"
2934,"0"
2935,"0"
2936,"0"
2937,"0"
2938,"0"
2939,"0"
2940,"0"
2941,"0"
2942,"0"
2943,"0"
2944,"0"
2945,"0"
2946,"0"
2947,"0"
2948,"0"
2949,"0"
2950,"0"
2951,"0"
2952,"0"
2953,"0"
2954,"0"
2955,"0"
2956,"0"
2957,"0"
2958,"0"
2959,"0"
2960,"0"
2961,"0"
2962,"0"
2963,"0"
2964,"0"
2965,"0"
2966,"0"
2967,"0"
2968,"0"
2969,"0"
2970,"0"
2971,"0"
2972,"0"
2973,"0"
2974,"0"
2975,"0"
2976,"0"
2977,"0"
2978,"0"
2979,"0"
2980,"0"
2981,"0"
2982,"0"
2983,"0"
2984,"0"
2985,"0"
2986,"0"
2987,"1"
2988,"0"
2989,"1"
2990,"1"
2991,"1"
2992,"0"
2993,"1"
2994,"1"
2995,"1"
2996,"1"
2997,"1"
2998,"0"
2999,"1"
3000,"0"
3001,"1"
3002,"1"
3003,"1"
3004,"0"
3005,"0"
3006,"0"
3007,"1"
3008,"1"
3009,"0"
3010,"0"
3011,"1"
3012,"0"
3013,"1"
3014,"0"
3015,"1"
3016,"1"
3017,"1"
3018,"0"
3019,"1"
3020,"0"
3021,"0"
3022,"1"
3023,"1"
3024,"0"
3025,"1"
3026,"0"
3027,"0"
3028,"1"
3029,"1"
3030,"1"
3031,"1"
3032,"1"
3033,"1"
3034,"1"
3035,"1"
3036,"1"
3037,"1"
3038,"0"
3039,"0"
3040,"1"
3041,"1"
3042,"0"
3043,"1"
3044,"1"
3045,"1"
3046,"0"
3047,"0"
3048,"1"
3049,"1"
3050,"1"
3051,"1"
3052,"1"
3053,"1"
3054,"1"
3055,"1"
3056,"1"
3057,"1"
3058,"0"
3059,"1"
3060,"1"
3061,"1"
3062,"1"
3063,"0"
3064,"1"
3065,"1"
3066,"1"
3067,"1"
3068,"1"
3069,"0"
3070,"0"
3071,"0"
3072,"1"
3073,"1"
3074,"1"
3075,"1"
3076,"0"
3077,"1"
3078,"1"
3079,"1"
3080,"0"
3081,"0"
3082,"0"
3083,"0"
3084,"0"
3085,"0"
3086,"1"
3087,"1"
3088,"1"
3089,"0"
3090,"0"
3091,"0"
3092,"1"
3093,"1"
3094,"1"
3095,"0"
3096,"1"
3097,"1"
3098,"1"
3099,"0"
3100,"1"
3101,"0"
3102,"0"
3103,"0"
3104,"1"
3105,"1"
3106,"1"
3107,"1"
3108,"1"
3109,"1"
3110,"1"
3111,"1"
3112,"1"
3113,"1"
3114,"1"
3115,"1"
3116,"1"
3117,"1"
3118,"1"
3119,"1"
3120,"1"
3121,"1"
3122,"1"
3123,"1"
3124,"0"
3125,"1"
3126,"1"
3127,"0"
3128,"0"
3129,"0"
3130,"0"
3131,"0"
3132,"0"
3133,"0"
3134,"0"
3135,"0"
3136,"0"
3137,"0"
3138,"0"
3139,"0"
3140,"0"
3141,"0"
3142,"0"
3143,"0"
3144,"0"
3145,"0"
3146,"0"
3147,"0"
3148,"0"
3149,"0"
3150,"0"
3151,"0"
3152,"0"
3153,"0"
3154,"0"
3155,"0"
3156,"0"
3157,"0"
3158,"0"
3159,"0"
3160,"0"
3161,"0"
3162,"0"
3163,"0"
3164,"0"
3165,"0"
3166,"0"
3167,"0"
3168,"1"
3169,"0"
3170,"0"
3171,"0"
3172,"0"
3173,"0"
3174,"0"
3175,"0"
3176,"1"
3177,"0"
3178,"0"
3179,"1"
3180,"0"
3181,"0"
3182,"0"
3183,"0"
3184,"0"
3185,"0"
3186,"0"
3187,"0"
3188,"0"
3189,"1"
3190,"0"
3191,"0"
3192,"0"
3193,"0"
3194,"0"
3195,"0"
3196,"0"
3197,"0"
3198,"0"
3199,"0"
3200,"0"
3201,"0"
3202,"0"
3203,"0"
3204,"0"
3205,"0"
3206,"0"
3207,"0"
3208,"0"
3209,"0"
3210,"0"
3211,"0"
3212,"0"
3213,"0"
3214,"0"
3215,"0"
3216,"0"
3217,"0"
3218,"0"
3219,"0"
3220,"0"
3221,"0"
3222,"0"
3223,"0"
3224,"0"
3225,"0"
3226,"0"
3227,"0"
3228,"0"
3229,"0"
3230,"0"
3231,"0"
3232,"0"
3233,"0"
3234,"0"
3235,"0"
3236,"0"
3237,"0"
3238,"0"
3239,"0"
3240,"0"
3241,"0"
3242,"0"
3243,"0"
3244,"0"
3245,"0"
3246,"0"
3247,"0"
3248,"0"
3249,"0"
3250,"0"
3251,"0"
3252,"0"
3253,"0"
3254,"0"
3255,"0"
3256,"0"
3257,"0"
3258,"0"
3259,"0"
3260,"0"
3261,"0"
3262,"0"
3263,"0"
3264,"0"
3265,"0"
3266,"0"
3267,"0"
3268,"0"
3269,"0"
3270,"0"
3271,"0"
3272,"0"
3273,"0"
3274,"0"
3275,"0"
3276,"0"
3277,"0"
3278,"0"
3279,"0"
3280,"0"
3281,"0"
3282,"0"
3283,"0"
3284,"0"
3285,"0"
3286,"0"
3287,"0"
3288,"0"
3289,"0"
3290,"0"
3291,"0"
3292,"0"
3293,"0"
3294,"0"
3295,"0"
3296,"0"
3297,"0"
3298,"0"
3299,"0"
3300,"0"
3301,"0"
3302,"0"
3303,"0"
3304,"0"
3305,"0"
3306,"0"
3307,"0"
3308,"0"
3309,"0"
3310,"0"
3311,"0"
3312,"1"
3313,"1"
3314,"1"
3315,"1"
3316,"1"
3317,"1"
3318,"1"
3319,"1"
3320,"0"
3321,"0"
3322,"1"
3323,"0"
3324,"1"
3325,"1"
3326,"1"
3327,"1"
3328,"1"
3329,"1"
3330,"1"
3331,"0"
3332,"1"
3333,"0"
3334,"1"
3335,"0"
3336,"1"
3337,"1"
3338,"1"
3339,"1"
3340,"0"
3341,"1"
3342,"1"
3343,"1"
3344,"1"
3345,"1"
3346,"1"
3347,"1"
3348,"1"
3349,"1"
3350,"1"
3351,"0"
3352,"0"
3353,"1"
3354,"0"
3355,"1"
3356,"1"
3357,"1"
3358,"1"
3359,"1"
3360,"0"
3361,"0"
3362,"0"
3363,"0"
3364,"0"
3365,"1"
3366,"0"
3367,"0"
3368,"0"
3369,"0"
3370,"0"
3371,"0"
3372,"0"
3373,"0"
3374,"0"
3375,"0"
3376,"0"
3377,"0"
3378,"0"
3379,"0"
3380,"0"
3381,"0"
3382,"0"
3383,"0"
3384,"0"
3385,"0"
3386,"0"
3387,"0"
3388,"0"
3389,"0"
3390,"0"
3391,"0"
3392,"0"
3393,"0"
3394,"0"
3395,"0"
3396,"0"
3397,"0"
3398,"0"
3399,"0"
3400,"0"
3401,"0"
3402,"0"
3403,"0"
3404,"0"
3405,"0"
3406,"0"
3407,"0"
3408,"0"
3409,"0"
3410,"1"
3411,"0"
3412,"0"
3413,"0"
3414,"0"
3415,"0"
3416,"0"
3417,"0"
3418,"0"
3419,"0"
3420,"0"
3421,"0"
3422,"0"
3423,"0"
3424,"0"
3425,"0"
3426,"0"
3427,"0"
3428,"0"
3429,"0"
3430,"0"
3431,"0"
3432,"0"
3433,"0"
3434,"0"
3435,"0"
3436,"0"
3437,"0"
3438,"0"
3439,"0"
3440,"0"
3441,"0"
3442,"0"
3443,"0"
3444,"0"
3445,"0"
3446,"0"
3447,"0"
3448,"0"
3449,"0"
3450,"0"
3451,"0"
3452,"0"
3453,"0"
3454,"0"
3455,"0"
3456,"0"
3457,"0"
3458,"0"
3459,"0"
3460,"0"
3461,"0"
3462,"0"
3463,"0"
3464,"0"
3465,"0"
3466,"0"
3467,"0"
3468,"0"
3469,"0"
3470,"0"
3471,"0"
3472,"0"
3473,"0"
3474,"0"
3475,"0"
3476,"0"
3477,"0"
3478,"0"
3479,"0"
3480,"0"
3481,"0"
3482,"0"
3483,"0"
3484,"0"
3485,"0"
3486,"0"
3487,"0"
3488,"0"
3489,"0"
3490,"0"
3491,"0"
3492,"0"
3493,"0"
3494,"0"
3495,"0"
3496,"0"
3497,"0"
3498,"0"
3499,"0"
3500,"0"
3501,"0"
3502,"0"
3503,"0"
3504,"0"
3505,"0"
3506,"0"
3507,"0"
3508,"0"
3509,"0"
3510,"0"
3511,"0"
3512,"0"
3513,"0"
3514,"0"
3515,"0"
3516,"0"
3517,"0"
3518,"0"
3519,"0"
3520,"0"
3521,"0"
3522,"0"
3523,"0"
3524,"0"
3525,"0"
3526,"0"
3527,"0"
3528,"0"
3529,"0"
3530,"0"
3531,"0"
3532,"0"
3533,"0"
3534,"0"
3535,"0"
3536,"0"
